dataset,model,tfidf__max_features,mean_acc,std_acc,scores,sbert__sbert_model,mlp__hidden,mlp__epochs,tfidf__ngram_range,clf__alpha,clf__C,clf__loss
arcaico_moderno,tfidf_lr,3000.0,0.8177256720998048,0.0050947337029599,0.8127;0.8253;0.8198;0.8194;0.8114,,,,,,,
arcaico_moderno,tfidf_lr,5000.0,0.8276758323122492,0.0040462116633486,0.8236;0.8335;0.8308;0.8273;0.8231,,,,,,,
arcaico_moderno,tfidf_lr,8000.0,0.8356468130852855,0.0036577391703746,0.8330;0.8425;0.8364;0.8337;0.8327,,,,,,,
arcaico_moderno,sbert_lr,,0.7177640822136694,0.0061865442370565,0.7171;0.7088;0.7184;0.7163;0.7282,sentence-transformers/paraphrase-multilingual-MiniLM-L12-v2,,,,,,
arcaico_moderno,sbert_lr,,0.7579711939583574,0.0065977170344534,0.7557;0.7500;0.7637;0.7529;0.7675,sentence-transformers/distiluse-base-multilingual-cased-v2,,,,,,
arcaico_moderno,torch_mlp,,0.8209792292806656,0.0034797662511651,0.8182;0.8254;0.8250;0.8174;0.8189,,128.0,5.0,,,,
arcaico_moderno,torch_mlp,,0.8136589966998914,0.0024260535541772,0.8120;0.8177;0.8152;0.8113;0.8121,,128.0,10.0,,,,
arcaico_moderno,torch_mlp,,0.8187830933454716,0.0038507485585872,0.8154;0.8249;0.8212;0.8181;0.8144,,256.0,5.0,,,,
arcaico_moderno,torch_mlp,,0.8117611842165233,0.0034188789102967,0.8113;0.8148;0.8155;0.8059;0.8113,,256.0,10.0,,,,
complexo_simples,tfidf_lr,3000.0,0.8078157195181831,0.0047266222585214,0.7987;0.8100;0.8115;0.8109;0.8080,,,,,,,
complexo_simples,tfidf_lr,5000.0,0.8194250640182943,0.0028144404845695,0.8144;0.8193;0.8217;0.8224;0.8194,,,,,,,
complexo_simples,tfidf_lr,8000.0,0.8251400793240492,0.0039326847721002,0.8185;0.8260;0.8265;0.8306;0.8241,,,,,,,
complexo_simples,sbert_lr,,0.6843303715500506,0.0037462365439244,0.6790;0.6875;0.6863;0.6882;0.6807,sentence-transformers/paraphrase-multilingual-MiniLM-L12-v2,,,,,,
complexo_simples,sbert_lr,,0.6923791216882478,0.0056725394129482,0.6898;0.6961;0.6854;0.7014;0.6893,sentence-transformers/distiluse-base-multilingual-cased-v2,,,,,,
complexo_simples,torch_mlp,,0.811256454982192,0.0019020233960964,0.8093;0.8145;0.8113;0.8118;0.8094,,128.0,5.0,,,,
complexo_simples,torch_mlp,,0.8045240489909482,0.0033732052987125,0.8063;0.8043;0.8001;0.8098;0.8021,,128.0,10.0,,,,
complexo_simples,torch_mlp,,0.8087430347513817,0.0021438712274346,0.8078;0.8094;0.8051;0.8106;0.8109,,256.0,5.0,,,,
complexo_simples,torch_mlp,,0.8017713943746259,0.0036261660051294,0.8000;0.8007;0.7991;0.8089;0.8001,,256.0,10.0,,,,
literal_dinamico,tfidf_lr,3000.0,0.8177145420407628,0.0034359381825127,0.8110;0.8192;0.8198;0.8205;0.8180,,,,,,,
literal_dinamico,tfidf_lr,5000.0,0.8290500059141003,0.0036765182415761,0.8223;0.8298;0.8301;0.8296;0.8335,,,,,,,
literal_dinamico,tfidf_lr,8000.0,0.8350827981365313,0.0019465114200468,0.8313;0.8369;0.8354;0.8362;0.8356,,,,,,,
literal_dinamico,sbert_lr,,0.708121505337622,0.0027419094017825,0.7112;0.7074;0.7055;0.7050;0.7114,sentence-transformers/paraphrase-multilingual-MiniLM-L12-v2,,,,,,
literal_dinamico,sbert_lr,,0.7544369073822612,0.0056287774421556,0.7571;0.7457;0.7500;0.7591;0.7603,sentence-transformers/distiluse-base-multilingual-cased-v2,,,,,,
literal_dinamico,torch_mlp,,0.8184991045407994,0.0021526557596762,0.8177;0.8206;0.8201;0.8147;0.8194,,128.0,5.0,,,,
literal_dinamico,torch_mlp,,0.8099232052608558,0.0016926581345615,0.8125;0.8090;0.8081;0.8087;0.8113,,128.0,10.0,,,,
literal_dinamico,torch_mlp,,0.8164430836646108,0.0025949518188694,0.8189;0.8171;0.8159;0.8117;0.8186,,256.0,5.0,,,,
literal_dinamico,torch_mlp,,0.8098690853873121,0.0013427618337503,0.8091;0.8117;0.8100;0.8078;0.8107,,256.0,10.0,,,,
arcaico_moderno,tfidf_lr,3000.0,0.813143922586382,0.0014498334315252053,0.8116;0.8144;0.8113;0.8148;0.8136,,,,"(1, 1)",,,
arcaico_moderno,tfidf_lr,3000.0,0.8158820785245341,0.004943599521343226,0.8109;0.8239;0.8177;0.8165;0.8105,,,,"(1, 3)",,,
arcaico_moderno,tfidf_lr,3000.0,0.8162616513129128,0.004296014409068573,0.8129;0.8235;0.8166;0.8173;0.8110,,,,"(1, 5)",,,
arcaico_moderno,tfidf_lr,3000.0,0.8157464779579611,0.005195987528653503,0.8118;0.8240;0.8169;0.8171;0.8088,,,,"(1, 10)",,,
arcaico_moderno,tfidf_lr,5000.0,0.8217384152891221,0.0014833862420931955,0.8208;0.8242;0.8224;0.8198;0.8214,,,,"(1, 1)",,,
arcaico_moderno,tfidf_lr,5000.0,0.8271878364101122,0.003943173252438749,0.8239;0.8337;0.8297;0.8253;0.8233,,,,"(1, 3)",,,
arcaico_moderno,tfidf_lr,5000.0,0.8274047451229816,0.004022877773372371,0.8235;0.8339;0.8301;0.8254;0.8240,,,,"(1, 5)",,,
arcaico_moderno,tfidf_lr,5000.0,0.8269167345184085,0.0039029916715400573,0.8231;0.8334;0.8293;0.8250;0.8238,,,,"(1, 10)",,,
arcaico_moderno,tfidf_sgd,3000.0,0.8066370508148533,0.0022045184624843663,0.8062;0.8063;0.8032;0.8099;0.8076,,,,"(1, 1)",0.0001,,
arcaico_moderno,tfidf_sgd,3000.0,0.8155027042190405,0.0010866101140360252,0.8162;0.8150;0.8142;0.8150;0.8172,,,,"(1, 1)",1e-05,,
arcaico_moderno,tfidf_sgd,3000.0,0.8084533934251293,0.004875729767630006,0.8030;0.8150;0.8131;0.8078;0.8034,,,,"(1, 3)",0.0001,,
arcaico_moderno,tfidf_sgd,3000.0,0.8172377680878924,0.0022130777976348166,0.8154;0.8190;0.8207;0.8160;0.8151,,,,"(1, 3)",1e-05,,
arcaico_moderno,tfidf_sgd,3000.0,0.8084805083925914,0.005117881548028138,0.8021;0.8155;0.8125;0.8087;0.8036,,,,"(1, 5)",0.0001,,
arcaico_moderno,tfidf_sgd,3000.0,0.8173191129902785,0.001680213757475794,0.8162;0.8188;0.8198;0.8163;0.8155,,,,"(1, 5)",1e-05,,
arcaico_moderno,tfidf_sgd,3000.0,0.808616050149421,0.004866104202511444,0.8034;0.8152;0.8127;0.8087;0.8030,,,,"(1, 10)",0.0001,,
arcaico_moderno,tfidf_sgd,3000.0,0.817156437887942,0.002432530585793167,0.8143;0.8193;0.8207;0.8163;0.8152,,,,"(1, 10)",1e-05,,
arcaico_moderno,tfidf_sgd,5000.0,0.8113004025232909,0.0027158344026047016,0.8072;0.8123;0.8097;0.8120;0.8153,,,,"(1, 1)",0.0001,,
arcaico_moderno,tfidf_sgd,5000.0,0.8256425920159304,0.002159814624259532,0.8246;0.8292;0.8234;0.8240;0.8270,,,,"(1, 1)",1e-05,,
arcaico_moderno,tfidf_sgd,5000.0,0.8177799902493443,0.004201168217106952,0.8121;0.8239;0.8209;0.8170;0.8149,,,,"(1, 3)",0.0001,,
arcaico_moderno,tfidf_sgd,5000.0,0.8279741337104214,0.00434933341490522,0.8232;0.8342;0.8320;0.8245;0.8259,,,,"(1, 3)",1e-05,,
arcaico_moderno,tfidf_sgd,5000.0,0.8178613020712497,0.004615857071379789,0.8114;0.8242;0.8212;0.8184;0.8141,,,,"(1, 5)",0.0001,,
arcaico_moderno,tfidf_sgd,5000.0,0.8280012597047104,0.004435291051066383,0.8235;0.8335;0.8330;0.8235;0.8265,,,,"(1, 5)",1e-05,,
arcaico_moderno,tfidf_sgd,5000.0,0.8179155430330007,0.0043997510263398595,0.8118;0.8245;0.8207;0.8178;0.8148,,,,"(1, 10)",0.0001,,
arcaico_moderno,tfidf_sgd,5000.0,0.8275946160561775,0.004023647297840689,0.8221;0.8327;0.8314;0.8243;0.8274,,,,"(1, 10)",1e-05,,
arcaico_moderno,tfidf_pa,3000.0,0.8027600735945134,0.003141070020918835,0.7973;0.8040;0.8059;0.8013;0.8053,,,,"(1, 1)",,0.5,hinge
arcaico_moderno,tfidf_pa,3000.0,0.7909391239759387,0.006315522772933482,0.7903;0.8015;0.7915;0.7818;0.7896,,,,"(1, 1)",,0.5,squared_hinge
arcaico_moderno,tfidf_pa,3000.0,0.7955754342290939,0.002606934403082823,0.7926;0.7945;0.7971;0.7938;0.7999,,,,"(1, 1)",,1.0,hinge
arcaico_moderno,tfidf_pa,3000.0,0.782778327403841,0.007654029192695604,0.7858;0.7949;0.7827;0.7719;0.7786,,,,"(1, 1)",,1.0,squared_hinge
arcaico_moderno,tfidf_pa,3000.0,0.8050916483694852,0.002826435589026909,0.8007;0.8037;0.8093;0.8063;0.8055,,,,"(1, 3)",,0.5,hinge
arcaico_moderno,tfidf_pa,3000.0,0.7960361718150187,0.0026761669988392624,0.7964;0.8010;0.7952;0.7934;0.7942,,,,"(1, 3)",,0.5,squared_hinge
arcaico_moderno,tfidf_pa,3000.0,0.7990999903846069,0.003531873910230543,0.7940;0.8030;0.7976;0.7977;0.8031,,,,"(1, 3)",,1.0,hinge
arcaico_moderno,tfidf_pa,3000.0,0.7886887691326475,0.0026044204827930214,0.7902;0.7929;0.7876;0.7876;0.7852,,,,"(1, 3)",,1.0,squared_hinge
arcaico_moderno,tfidf_pa,3000.0,0.8072063805925493,0.0013007309116001636,0.8057;0.8082;0.8090;0.8057;0.8073,,,,"(1, 5)",,0.5,hinge
arcaico_moderno,tfidf_pa,3000.0,0.7963886333115443,0.0029243521487418113,0.7961;0.8021;0.7949;0.7941;0.7947,,,,"(1, 5)",,0.5,squared_hinge
arcaico_moderno,tfidf_pa,3000.0,0.8004826478910678,0.0016635205151760187,0.8015;0.8014;0.7986;0.7984;0.8025,,,,"(1, 5)",,1.0,hinge
arcaico_moderno,tfidf_pa,3000.0,0.7898275022002196,0.0030400445453831735,0.7912;0.7950;0.7866;0.7888;0.7874,,,,"(1, 5)",,1.0,squared_hinge
arcaico_moderno,tfidf_pa,3000.0,0.806013461697361,0.002806039806836479,0.8028;0.8038;0.8109;0.8060;0.8065,,,,"(1, 10)",,0.5,hinge
arcaico_moderno,tfidf_pa,3000.0,0.7967139982186529,0.002134613378326207,0.7971;0.8005;0.7963;0.7940;0.7958,,,,"(1, 10)",,0.5,squared_hinge
arcaico_moderno,tfidf_pa,3000.0,0.8002386572912172,0.003089678611181243,0.7956;0.8028;0.8025;0.7975;0.8029,,,,"(1, 10)",,1.0,hinge
arcaico_moderno,tfidf_pa,3000.0,0.7889599114560498,0.0026832244934499798,0.7904;0.7935;0.7873;0.7872;0.7863,,,,"(1, 10)",,1.0,squared_hinge
arcaico_moderno,tfidf_pa,5000.0,0.8087788833029433,0.004854449429042497,0.8078;0.8109;0.8155;0.8006;0.8091,,,,"(1, 1)",,0.5,hinge
arcaico_moderno,tfidf_pa,5000.0,0.8014857693652399,0.002420292082369059,0.8043;0.8011;0.8024;0.7971;0.8026,,,,"(1, 1)",,0.5,squared_hinge
arcaico_moderno,tfidf_pa,5000.0,0.8050645922117668,0.0038680408287679064,0.8052;0.8037;0.8102;0.7987;0.8075,,,,"(1, 1)",,1.0,hinge
arcaico_moderno,tfidf_pa,5000.0,0.8000489076531178,0.003623523479330355,0.8025;0.8018;0.7980;0.7940;0.8040,,,,"(1, 1)",,1.0,squared_hinge
arcaico_moderno,tfidf_pa,5000.0,0.8113002702013675,0.0021246529260107202,0.8093;0.8143;0.8133;0.8091;0.8105,,,,"(1, 3)",,0.5,hinge
arcaico_moderno,tfidf_pa,5000.0,0.8062574817020834,0.002708453060915723,0.8026;0.8097;0.8082;0.8036;0.8072,,,,"(1, 3)",,0.5,squared_hinge
arcaico_moderno,tfidf_pa,5000.0,0.8069622797244292,0.0020137812665543178,0.8072;0.8090;0.8090;0.8059;0.8037,,,,"(1, 3)",,1.0,hinge
arcaico_moderno,tfidf_pa,5000.0,0.8023262377907298,0.0035535438461045316,0.7982;0.8078;0.8037;0.7987;0.8033,,,,"(1, 3)",,1.0,squared_hinge
arcaico_moderno,tfidf_pa,5000.0,0.8105682763481619,0.002555029481985372,0.8068;0.8135;0.8131;0.8086;0.8109,,,,"(1, 5)",,0.5,hinge
arcaico_moderno,tfidf_pa,5000.0,0.8054711366188572,0.0033301241708692695,0.8033;0.8113;0.8071;0.8028;0.8029,,,,"(1, 5)",,0.5,squared_hinge
arcaico_moderno,tfidf_pa,5000.0,0.8066098035254677,0.002329708908504288,0.8068;0.8093;0.8085;0.8059;0.8026,,,,"(1, 5)",,1.0,hinge
arcaico_moderno,tfidf_pa,5000.0,0.8020822067591802,0.0025959226128988437,0.8007;0.8062;0.8030;0.7983;0.8022,,,,"(1, 5)",,1.0,squared_hinge
arcaico_moderno,tfidf_pa,5000.0,0.8116256387840849,0.002982859680361464,0.8086;0.8169;0.8121;0.8089;0.8117,,,,"(1, 10)",,0.5,hinge
arcaico_moderno,tfidf_pa,5000.0,0.8073148147331347,0.003299475251468317,0.8036;0.8125;0.8093;0.8043;0.8069,,,,"(1, 10)",,0.5,squared_hinge
arcaico_moderno,tfidf_pa,5000.0,0.8066369442221927,0.0015547227027678944,0.8070;0.8067;0.8079;0.8079;0.8037,,,,"(1, 10)",,1.0,hinge
arcaico_moderno,tfidf_pa,5000.0,0.8022449369956514,0.002927681746857776,0.7992;0.8056;0.8036;0.7983;0.8045,,,,"(1, 10)",,1.0,squared_hinge
arcaico_moderno,tfidf_ridge,3000.0,0.8076944977897828,0.0027154967708583424,0.8030;0.8079;0.8078;0.8082;0.8116,,,,"(1, 1)",0.5,,
arcaico_moderno,tfidf_ridge,3000.0,0.8100532647200053,0.0032737100180606805,0.8047;0.8117;0.8094;0.8098;0.8147,,,,"(1, 1)",1.0,,
arcaico_moderno,tfidf_ridge,3000.0,0.8128998217182619,0.001944766319520732,0.8114;0.8146;0.8151;0.8135;0.8099,,,,"(1, 3)",0.5,,
arcaico_moderno,tfidf_ridge,3000.0,0.8144452204880208,0.0022370290910413986,0.8118;0.8165;0.8173;0.8147;0.8120,,,,"(1, 3)",1.0,,
arcaico_moderno,tfidf_ridge,3000.0,0.8123575811787649,0.0017137467934132088,0.8123;0.8133;0.8146;0.8123;0.8094,,,,"(1, 5)",0.5,,
arcaico_moderno,tfidf_ridge,3000.0,0.813957198856621,0.0020002055595533287,0.8125;0.8162;0.8163;0.8135;0.8113,,,,"(1, 5)",1.0,,
arcaico_moderno,tfidf_ridge,3000.0,0.8126829240322195,0.0017708472371330756,0.8125;0.8135;0.8151;0.8127;0.8097,,,,"(1, 10)",0.5,,
arcaico_moderno,tfidf_ridge,3000.0,0.814038529056571,0.0019159417953120536,0.8129;0.8159;0.8163;0.8139;0.8111,,,,"(1, 10)",1.0,,
arcaico_moderno,tfidf_ridge,5000.0,0.8177258632314718,0.000956980935964587,0.8179;0.8174;0.8188;0.8160;0.8185,,,,"(1, 1)",0.5,,
arcaico_moderno,tfidf_ridge,5000.0,0.820464228679336,0.0016293416637375622,0.8192;0.8209;0.8208;0.8184;0.8231,,,,"(1, 1)",1.0,,
arcaico_moderno,tfidf_ridge,5000.0,0.8201388196649197,0.0022990144688493732,0.8174;0.8235;0.8216;0.8178;0.8204,,,,"(1, 3)",0.5,,
arcaico_moderno,tfidf_ridge,5000.0,0.8235820566473094,0.003055093360015126,0.8190;0.8280;0.8251;0.8216;0.8242,,,,"(1, 3)",1.0,,
arcaico_moderno,tfidf_ridge,5000.0,0.820735231329597,0.0026478914752815557,0.8193;0.8250;0.8226;0.8178;0.8190,,,,"(1, 5)",0.5,,
arcaico_moderno,tfidf_ridge,5000.0,0.8236362829066245,0.0024038006786714465,0.8207;0.8274;0.8243;0.8215;0.8243,,,,"(1, 5)",1.0,,
arcaico_moderno,tfidf_ridge,5000.0,0.8204370291728674,0.0025395130916775473,0.8194;0.8250;0.8207;0.8173;0.8198,,,,"(1, 10)",0.5,,
arcaico_moderno,tfidf_ridge,5000.0,0.8232567468743357,0.003321546791378489,0.8190;0.8281;0.8239;0.8201;0.8251,,,,"(1, 10)",1.0,,
arcaico_moderno,tfidf_cnb,3000.0,0.8111375803965952,0.0020023304103384196,0.8150;0.8099;0.8098;0.8113;0.8097,,,,"(1, 1)",0.5,,
arcaico_moderno,tfidf_cnb,3000.0,0.811110505860832,0.002103052952280109,0.8150;0.8102;0.8086;0.8108;0.8110,,,,"(1, 1)",1.0,,
arcaico_moderno,tfidf_cnb,3000.0,0.8114087263956067,0.0024879437239122746,0.8162;0.8098;0.8091;0.8110;0.8109,,,,"(1, 1)",1.5,,
arcaico_moderno,tfidf_cnb,3000.0,0.8022989941769533,0.002270531459134884,0.8052;0.8030;0.8033;0.8015;0.7984,,,,"(1, 3)",0.5,,
arcaico_moderno,tfidf_cnb,3000.0,0.8019736549991074,0.0023098812394905842,0.8049;0.8038;0.8014;0.8014;0.7983,,,,"(1, 3)",1.0,,
arcaico_moderno,tfidf_cnb,3000.0,0.801648301118826,0.002762756775299842,0.8059;0.8030;0.8014;0.8003;0.7976,,,,"(1, 3)",1.5,,
arcaico_moderno,tfidf_cnb,3000.0,0.8024345873923083,0.0017328778139302844,0.8052;0.8026;0.8025;0.8021;0.7998,,,,"(1, 5)",0.5,,
arcaico_moderno,tfidf_cnb,3000.0,0.8020278665559868,0.0025859708800630896,0.8055;0.8038;0.8018;0.8011;0.7979,,,,"(1, 5)",1.0,,
arcaico_moderno,tfidf_cnb,3000.0,0.8015940858863377,0.002834595494252418,0.8060;0.8034;0.8003;0.8003;0.7979,,,,"(1, 5)",1.5,,
arcaico_moderno,tfidf_cnb,3000.0,0.8024345873923083,0.0015253344366877252,0.8044;0.8032;0.8026;0.8022;0.7998,,,,"(1, 10)",0.5,,
arcaico_moderno,tfidf_cnb,3000.0,0.8019736402966716,0.002510873664276434,0.8051;0.8038;0.8018;0.8014;0.7977,,,,"(1, 10)",1.0,,
arcaico_moderno,tfidf_cnb,3000.0,0.8017838686049181,0.0026893965650980054,0.8057;0.8037;0.8010;0.8005;0.7980,,,,"(1, 10)",1.5,,
arcaico_moderno,tfidf_cnb,5000.0,0.8215214955494256,0.0019382618068594106,0.8246;0.8230;0.8194;0.8203;0.8204,,,,"(1, 1)",0.5,,
arcaico_moderno,tfidf_cnb,5000.0,0.8214401874031292,0.0022184189944132685,0.8246;0.8226;0.8178;0.8209;0.8213,,,,"(1, 1)",1.0,,
arcaico_moderno,tfidf_cnb,5000.0,0.8213317165064543,0.001719527919086093,0.8243;0.8221;0.8196;0.8203;0.8204,,,,"(1, 1)",1.5,,
arcaico_moderno,tfidf_cnb,5000.0,0.8157195247172941,0.0013337605326328647,0.8156;0.8173;0.8139;0.8171;0.8147,,,,"(1, 3)",0.5,,
arcaico_moderno,tfidf_cnb,5000.0,0.8155568238856951,0.0018967963575923254,0.8169;0.8175;0.8131;0.8169;0.8134,,,,"(1, 3)",1.0,,
arcaico_moderno,tfidf_cnb,5000.0,0.8156652837555433,0.0020695048104430284,0.8165;0.8178;0.8125;0.8175;0.8140,,,,"(1, 3)",1.5,,
arcaico_moderno,tfidf_cnb,5000.0,0.8155297309718869,0.0014531999543761398,0.8147;0.8181;0.8146;0.8162;0.8141,,,,"(1, 5)",0.5,,
arcaico_moderno,tfidf_cnb,5000.0,0.8154483713670648,0.0016055635926756266,0.8162;0.8175;0.8140;0.8163;0.8132,,,,"(1, 5)",1.0,,
arcaico_moderno,tfidf_cnb,5000.0,0.8152043476867334,0.0019910044380633297,0.8160;0.8178;0.8135;0.8163;0.8124,,,,"(1, 5)",1.5,,
arcaico_moderno,tfidf_cnb,5000.0,0.8158279478310526,0.0014531610377706461,0.8160;0.8178;0.8146;0.8169;0.8139,,,,"(1, 10)",0.5,,
arcaico_moderno,tfidf_cnb,5000.0,0.8155839131238942,0.0020818596907819465,0.8173;0.8173;0.8135;0.8173;0.8126,,,,"(1, 10)",1.0,,
arcaico_moderno,tfidf_cnb,5000.0,0.8153941267297048,0.002028061618841087,0.8165;0.8171;0.8136;0.8174;0.8124,,,,"(1, 10)",1.5,,
arcaico_moderno,tfidf_nb,3000.0,0.81100206069342,0.0019669732494069047,0.8146;0.8101;0.8086;0.8108;0.8110,,,,"(1, 1)",,,
arcaico_moderno,tfidf_nb,3000.0,0.8018109872479892,0.002130025346065513,0.8044;0.8036;0.8014;0.8014;0.7983,,,,"(1, 3)",,,
arcaico_moderno,tfidf_nb,3000.0,0.8019194213885745,0.0024601763496698422,0.8051;0.8037;0.8018;0.8011;0.7979,,,,"(1, 5)",,,
arcaico_moderno,tfidf_nb,3000.0,0.8018651951292594,0.0023925090759479416,0.8047;0.8037;0.8018;0.8014;0.7977,,,,"(1, 10)",,,
arcaico_moderno,tfidf_nb,5000.0,0.8213046309438641,0.002014967376988601,0.8239;0.8224;0.8178;0.8211;0.8213,,,,"(1, 1)",,,
arcaico_moderno,tfidf_nb,5000.0,0.8154483787182828,0.001817341632992637,0.8165;0.8174;0.8131;0.8169;0.8134,,,,"(1, 3)",,,
arcaico_moderno,tfidf_nb,5000.0,0.8153399261996526,0.001539304926832657,0.8158;0.8174;0.8140;0.8163;0.8132,,,,"(1, 5)",,,
arcaico_moderno,tfidf_nb,5000.0,0.815448356664629,0.001980189435472465,0.8167;0.8171;0.8135;0.8173;0.8126,,,,"(1, 10)",,,
arcaico_moderno,tfidf_svc,3000.0,0.8122492977381478,0.001986291403289919,0.8095;0.8128;0.8128;0.8108;0.8153,,,,"(1, 1)",,,
arcaico_moderno,tfidf_svc,3000.0,0.8156111089547539,0.002590785013610145,0.8116;0.8165;0.8196;0.8147;0.8158,,,,"(1, 3)",,,
arcaico_moderno,tfidf_svc,3000.0,0.8149604122210177,0.0021861166509536804,0.8118;0.8160;0.8184;0.8137;0.8148,,,,"(1, 5)",,,
arcaico_moderno,tfidf_svc,3000.0,0.815177295204624,0.002385896741410815,0.8116;0.8156;0.8190;0.8151;0.8145,,,,"(1, 10)",,,
arcaico_moderno,tfidf_svc,5000.0,0.8236091422098998,0.0011370836268695017,0.8234;0.8243;0.8253;0.8219;0.8232,,,,"(1, 1)",,,
arcaico_moderno,tfidf_svc,5000.0,0.8253442795909312,0.0036682057719760715,0.8227;0.8319;0.8266;0.8217;0.8238,,,,"(1, 3)",,,
arcaico_moderno,tfidf_svc,5000.0,0.8258864870499474,0.0035857255413298734,0.8242;0.8314;0.8288;0.8220;0.8231,,,,"(1, 5)",,,
arcaico_moderno,tfidf_svc,5000.0,0.8250189367374766,0.0028913776111380305,0.8230;0.8301;0.8262;0.8223;0.8235,,,,"(1, 10)",,,
arcaico_moderno,sbert_lr,,0.7177640822136694,0.006186544237056504,0.7171;0.7088;0.7184;0.7163;0.7282,sentence-transformers/paraphrase-multilingual-MiniLM-L12-v2,,,,,,
arcaico_moderno,sbert_lr,,0.7579711939583574,0.006597717034453427,0.7557;0.7500;0.7637;0.7529;0.7675,sentence-transformers/distiluse-base-multilingual-cased-v2,,,,,,
arcaico_moderno,sbert_svc,,0.7304254010162912,0.006770510882404586,0.7297;0.7203;0.7335;0.7277;0.7409,sentence-transformers/paraphrase-multilingual-MiniLM-L12-v2,,,,,0.5,
arcaico_moderno,sbert_svc,,0.7324588581735398,0.007384038689197221,0.7281;0.7236;0.7358;0.7298;0.7450,sentence-transformers/paraphrase-multilingual-MiniLM-L12-v2,,,,,1.0,
arcaico_moderno,sbert_svc,,0.7344380339373389,0.007512684630021332,0.7305;0.7240;0.7362;0.7346;0.7469,sentence-transformers/paraphrase-multilingual-MiniLM-L12-v2,,,,,2.0,
arcaico_moderno,sbert_svc,,0.7668910919999046,0.007084559095019344,0.7632;0.7568;0.7705;0.7660;0.7779,sentence-transformers/distiluse-base-multilingual-cased-v2,,,,,0.5,
arcaico_moderno,sbert_svc,,0.767487518367018,0.006636205447587332,0.7637;0.7574;0.7705;0.7687;0.7771,sentence-transformers/distiluse-base-multilingual-cased-v2,,,,,1.0,
arcaico_moderno,sbert_svc,,0.7675417335995063,0.006324005515919043,0.7637;0.7580;0.7700;0.7691;0.7768,sentence-transformers/distiluse-base-multilingual-cased-v2,,,,,2.0,
arcaico_moderno,torch_mlp,,0.8202472207250242,0.003629276596444404,0.8185;0.8251;0.8236;0.8152;0.8187,,128.0,5.0,,,,
arcaico_moderno,torch_mlp,,0.8135776738511591,0.002460828151171377,0.8125;0.8175;0.8150;0.8104;0.8125,,128.0,10.0,,,,
arcaico_moderno,torch_mlp,,0.8186205321870139,0.004977987967869655,0.8128;0.8242;0.8243;0.8135;0.8183,,256.0,5.0,,,,
arcaico_moderno,torch_mlp,,0.8117340802758882,0.0036611692655541335,0.8086;0.8171;0.8143;0.8071;0.8116,,256.0,10.0,,,,
complexo_simples,tfidf_lr,3000.0,0.7934533399399408,0.002585885540539619,0.7894;0.7947;0.7931;0.7973;0.7928,,,,"(1, 1)",,,
complexo_simples,tfidf_lr,3000.0,0.8076660906027276,0.004287647926209821,0.7993;0.8106;0.8101;0.8101;0.8082,,,,"(1, 3)",,,
complexo_simples,tfidf_lr,3000.0,0.8076960217570441,0.004429936124016547,0.7990;0.8110;0.8097;0.8100;0.8088,,,,"(1, 5)",,,
complexo_simples,tfidf_lr,3000.0,0.8072172933767865,0.0047369945220301,0.7981;0.8107;0.8095;0.8104;0.8073,,,,"(1, 10)",,,
complexo_simples,tfidf_lr,5000.0,0.8026392993773406,0.00464938179919572,0.7946;0.8049;0.8019;0.8088;0.8030,,,,"(1, 1)",,,
complexo_simples,tfidf_lr,5000.0,0.8190659886389628,0.002462231222183506,0.8147;0.8220;0.8206;0.8193;0.8188,,,,"(1, 3)",,,
complexo_simples,tfidf_lr,5000.0,0.8193053662571556,0.0024902592132481755,0.8147;0.8209;0.8206;0.8215;0.8188,,,,"(1, 5)",,,
complexo_simples,tfidf_lr,5000.0,0.8191856864001018,0.0025750468458619075,0.8144;0.8218;0.8205;0.8203;0.8190,,,,"(1, 10)",,,
complexo_simples,tfidf_sgd,3000.0,0.7865416021560099,0.00380640466300002,0.7797;0.7871;0.7867;0.7913;0.7880,,,,"(1, 1)",0.0001,,
complexo_simples,tfidf_sgd,3000.0,0.7965052613392166,0.0029502817577164975,0.7942;0.7964;0.7952;0.8022;0.7946,,,,"(1, 1)",1e-05,,
complexo_simples,tfidf_sgd,3000.0,0.8000062530017317,0.004583898916099896,0.7910;0.8039;0.8010;0.8019;0.8022,,,,"(1, 3)",0.0001,,
complexo_simples,tfidf_sgd,3000.0,0.8112266804886203,0.003775863880282054,0.8043;0.8143;0.8103;0.8125;0.8146,,,,"(1, 3)",1e-05,,
complexo_simples,tfidf_sgd,3000.0,0.8002755304420923,0.004306249229120544,0.7918;0.8036;0.8015;0.8021;0.8025,,,,"(1, 5)",0.0001,,
complexo_simples,tfidf_sgd,3000.0,0.8107479476323414,0.0037749295354127426,0.8036;0.8128;0.8104;0.8127;0.8142,,,,"(1, 5)",1e-05,,
complexo_simples,tfidf_sgd,3000.0,0.7997668798595604,0.004496455491052521,0.7909;0.8030;0.8009;0.8019;0.8022,,,,"(1, 10)",0.0001,,
complexo_simples,tfidf_sgd,3000.0,0.8112565847868094,0.003666348438675287,0.8049;0.8145;0.8094;0.8130;0.8145,,,,"(1, 10)",1e-05,,
complexo_simples,tfidf_sgd,5000.0,0.7919274821887924,0.004591136567832496,0.7835;0.7911;0.7931;0.7967;0.7952,,,,"(1, 1)",0.0001,,
complexo_simples,tfidf_sgd,5000.0,0.8068880730594099,0.0048884135057750255,0.8006;0.8046;0.8097;0.8148;0.8048,,,,"(1, 1)",1e-05,,
complexo_simples,tfidf_sgd,5000.0,0.8084738647355321,0.0031649313855186614,0.8034;0.8080;0.8075;0.8128;0.8106,,,,"(1, 3)",0.0001,,
complexo_simples,tfidf_sgd,5000.0,0.8228958335851095,0.0016509103964658706,0.8212;0.8245;0.8206;0.8245;0.8236,,,,"(1, 3)",1e-05,,
complexo_simples,tfidf_sgd,5000.0,0.8084140158549626,0.00300305004688303,0.8036;0.8082;0.8073;0.8124;0.8106,,,,"(1, 5)",0.0001,,
complexo_simples,tfidf_sgd,5000.0,0.8230155044901208,0.0008546831530635248,0.8218;0.8244;0.8224;0.8232;0.8233,,,,"(1, 5)",1e-05,,
complexo_simples,tfidf_sgd,5000.0,0.8082644272236985,0.003230266315851858,0.8028;0.8077;0.8079;0.8125;0.8103,,,,"(1, 10)",0.0001,,
complexo_simples,tfidf_sgd,5000.0,0.8231052621449004,0.0011605756228822925,0.8221;0.8251;0.8230;0.8235;0.8218,,,,"(1, 10)",1e-05,,
complexo_simples,tfidf_pa,3000.0,0.7861224764751512,0.0025045414693923543,0.7868;0.7864;0.7817;0.7895;0.7862,,,,"(1, 1)",,0.5,hinge
complexo_simples,tfidf_pa,3000.0,0.7727474982398046,0.003766697649619082,0.7786;0.7724;0.7681;0.7696;0.7750,,,,"(1, 1)",,0.5,squared_hinge
complexo_simples,tfidf_pa,3000.0,0.7747823691312087,0.0033188251375487663,0.7732;0.7769;0.7690;0.7781;0.7766,,,,"(1, 1)",,1.0,hinge
complexo_simples,tfidf_pa,3000.0,0.7624844872292399,0.005958795554656048,0.7684;0.7641;0.7588;0.7528;0.7683,,,,"(1, 1)",,1.0,squared_hinge
complexo_simples,tfidf_pa,3000.0,0.7970140282983017,0.004713322920049574,0.7912;0.8019;0.7914;0.8009;0.7997,,,,"(1, 3)",,0.5,hinge
complexo_simples,tfidf_pa,3000.0,0.7887855838096938,0.0023121389182885117,0.7858;0.7904;0.7919;0.7865;0.7893,,,,"(1, 3)",,0.5,squared_hinge
complexo_simples,tfidf_pa,3000.0,0.7937825602573175,0.0036496314375807633,0.7868;0.7967;0.7950;0.7937;0.7967,,,,"(1, 3)",,1.0,hinge
complexo_simples,tfidf_pa,3000.0,0.7812454215897306,0.0037427643902128655,0.7780;0.7835;0.7760;0.7823;0.7864,,,,"(1, 3)",,1.0,squared_hinge
complexo_simples,tfidf_pa,3000.0,0.7967447195257924,0.004511446113371839,0.7915;0.7988;0.7920;0.8036;0.7979,,,,"(1, 5)",,0.5,hinge
complexo_simples,tfidf_pa,3000.0,0.789802987923247,0.003311532309824498,0.7841;0.7911;0.7943;0.7890;0.7904,,,,"(1, 5)",,0.5,squared_hinge
complexo_simples,tfidf_pa,3000.0,0.7904313138868112,0.005332785115273215,0.7855;0.7956;0.7835;0.7905;0.7970,,,,"(1, 5)",,1.0,hinge
complexo_simples,tfidf_pa,3000.0,0.7804375892686495,0.004162929211316541,0.7758;0.7808;0.7762;0.7825;0.7870,,,,"(1, 5)",,1.0,squared_hinge
complexo_simples,tfidf_pa,3000.0,0.797791893656896,0.0041662174392272195,0.7949;0.7995;0.7916;0.8037;0.7992,,,,"(1, 10)",,0.5,hinge
complexo_simples,tfidf_pa,3000.0,0.7892344257958477,0.002143174999204414,0.7855;0.7901;0.7913;0.7883;0.7910,,,,"(1, 10)",,0.5,squared_hinge
complexo_simples,tfidf_pa,3000.0,0.7927651695718283,0.0029917375710983777,0.7880;0.7917;0.7937;0.7931;0.7973,,,,"(1, 10)",,1.0,hinge
complexo_simples,tfidf_pa,3000.0,0.7823226119195551,0.0027733120324609246,0.7783;0.7826;0.7823;0.7814;0.7870,,,,"(1, 10)",,1.0,squared_hinge
complexo_simples,tfidf_pa,5000.0,0.7868404750490907,0.0036212491137601805,0.7913;0.7811;0.7871;0.7898;0.7849,,,,"(1, 1)",,0.5,hinge
complexo_simples,tfidf_pa,5000.0,0.7824421843520982,0.0017929041357527212,0.7822;0.7825;0.7847;0.7835;0.7793,,,,"(1, 1)",,0.5,squared_hinge
complexo_simples,tfidf_pa,5000.0,0.7828011164987487,0.003646240657795689,0.7867;0.7763;0.7841;0.7853;0.7816,,,,"(1, 1)",,1.0,hinge
complexo_simples,tfidf_pa,5000.0,0.7776846974231992,0.0021233690406992135,0.7774;0.7751;0.7781;0.7763;0.7814,,,,"(1, 1)",,1.0,squared_hinge
complexo_simples,tfidf_pa,5000.0,0.8029681929451638,0.004044498450006555,0.8030;0.8051;0.7952;0.8052;0.8064,,,,"(1, 3)",,0.5,hinge
complexo_simples,tfidf_pa,5000.0,0.8008139958023873,0.0039052568493421224,0.7963;0.8046;0.7961;0.8022;0.8049,,,,"(1, 3)",,0.5,squared_hinge
complexo_simples,tfidf_pa,5000.0,0.7986297063685278,0.0034303774728531187,0.7952;0.8016;0.7941;0.7994;0.8028,,,,"(1, 3)",,1.0,hinge
complexo_simples,tfidf_pa,5000.0,0.7956377188942259,0.006192035915148092,0.7874;0.8004;0.7892;0.7982;0.8030,,,,"(1, 3)",,1.0,squared_hinge
complexo_simples,tfidf_pa,5000.0,0.8035965770970048,0.0037081749332544007,0.8024;0.8031;0.7976;0.8067;0.8082,,,,"(1, 5)",,0.5,hinge
complexo_simples,tfidf_pa,5000.0,0.8010534897971333,0.005117775454823928,0.7924;0.8043;0.7982;0.8042;0.8063,,,,"(1, 5)",,0.5,squared_hinge
complexo_simples,tfidf_pa,5000.0,0.7984800192647956,0.0025600628078597375,0.7978;0.7991;0.7943;0.7991;0.8022,,,,"(1, 5)",,1.0,hinge
complexo_simples,tfidf_pa,5000.0,0.7983305201539573,0.003307781988451189,0.7940;0.8010;0.7946;0.8006;0.8015,,,,"(1, 5)",,1.0,squared_hinge
complexo_simples,tfidf_pa,5000.0,0.8047336386875052,0.0035562021361709257,0.8018;0.8040;0.8003;0.8080;0.8095,,,,"(1, 10)",,0.5,hinge
complexo_simples,tfidf_pa,5000.0,0.8010533644685374,0.004076753357110826,0.7966;0.8037;0.7956;0.8045;0.8049,,,,"(1, 10)",,0.5,squared_hinge
complexo_simples,tfidf_pa,5000.0,0.7989887504157105,0.0036871806119629894,0.7960;0.8015;0.7935;0.8004;0.8036,,,,"(1, 10)",,1.0,hinge
complexo_simples,tfidf_pa,5000.0,0.7969542465580515,0.005120353507933067,0.7891;0.8009;0.7926;0.8004;0.8018,,,,"(1, 10)",,1.0,squared_hinge
complexo_simples,tfidf_ridge,3000.0,0.7896234099493897,0.004559257574847113,0.7856;0.7911;0.7896;0.7973;0.7844,,,,"(1, 1)",0.5,,
complexo_simples,tfidf_ridge,3000.0,0.7916580615157509,0.004786428142365719,0.7876;0.7923;0.7901;0.8006;0.7877,,,,"(1, 1)",1.0,,
complexo_simples,tfidf_ridge,3000.0,0.8054519282028283,0.0050589688691498064,0.7966;0.8121;0.8048;0.8070;0.8069,,,,"(1, 3)",0.5,,
complexo_simples,tfidf_ridge,3000.0,0.8078157016140981,0.00459487854489905,0.7993;0.8130;0.8085;0.8083;0.8100,,,,"(1, 3)",1.0,,
complexo_simples,tfidf_ridge,3000.0,0.80563141665626,0.004384554856743748,0.7981;0.8118;0.8064;0.8060;0.8060,,,,"(1, 5)",0.5,,
complexo_simples,tfidf_ridge,3000.0,0.8078755146864973,0.0039028361875123943,0.8003;0.8113;0.8085;0.8092;0.8100,,,,"(1, 5)",1.0,,
complexo_simples,tfidf_ridge,3000.0,0.8058408631201359,0.0044404927861641675,0.7984;0.8121;0.8060;0.8076;0.8052,,,,"(1, 10)",0.5,,
complexo_simples,tfidf_ridge,3000.0,0.80754639731761,0.004522771731918968,0.7994;0.8127;0.8069;0.8083;0.8104,,,,"(1, 10)",1.0,,
complexo_simples,tfidf_ridge,5000.0,0.8002154711885223,0.004501165731280894,0.7990;0.7979;0.8049;0.8057;0.7937,,,,"(1, 1)",0.5,,
complexo_simples,tfidf_ridge,5000.0,0.8027887716320514,0.005333911264237516,0.7993;0.8012;0.8088;0.8091;0.7956,,,,"(1, 1)",1.0,,
complexo_simples,tfidf_ridge,5000.0,0.8173903721677416,0.003380109329034433,0.8138;0.8181;0.8194;0.8223;0.8134,,,,"(1, 3)",0.5,,
complexo_simples,tfidf_ridge,5000.0,0.8206218670648535,0.003753786521285866,0.8172;0.8190;0.8220;0.8273;0.8176,,,,"(1, 3)",1.0,,
complexo_simples,tfidf_ridge,5000.0,0.8169116393114626,0.003706628984947121,0.8130;0.8173;0.8187;0.8227;0.8128,,,,"(1, 5)",0.5,,
complexo_simples,tfidf_ridge,5000.0,0.8203526075285783,0.0038908671905475765,0.8159;0.8200;0.8224;0.8266;0.8169,,,,"(1, 5)",1.0,,
complexo_simples,tfidf_ridge,5000.0,0.8175400413673888,0.0039326789916305435,0.8118;0.8190;0.8191;0.8232;0.8146,,,,"(1, 10)",0.5,,
complexo_simples,tfidf_ridge,5000.0,0.8206817293734868,0.0033327858953326847,0.8166;0.8199;0.8224;0.8262;0.8184,,,,"(1, 10)",1.0,,
complexo_simples,tfidf_cnb,3000.0,0.7753209553440785,0.004475230854784421,0.7737;0.7757;0.7834;0.7741;0.7697,,,,"(1, 1)",0.5,,
complexo_simples,tfidf_cnb,3000.0,0.7757398437958093,0.004102714912079418,0.7744;0.7759;0.7829;0.7753;0.7702,,,,"(1, 1)",1.0,,
complexo_simples,tfidf_cnb,3000.0,0.7759792303660445,0.00454460466438152,0.7741;0.7766;0.7834;0.7765;0.7693,,,,"(1, 1)",1.5,,
complexo_simples,tfidf_cnb,3000.0,0.7843272472871953,0.0040909598391285235,0.7834;0.7892;0.7879;0.7837;0.7775,,,,"(1, 3)",0.5,,
complexo_simples,tfidf_cnb,3000.0,0.7845067939289038,0.004891450124158552,0.7829;0.7905;0.7887;0.7837;0.7766,,,,"(1, 3)",1.0,,
complexo_simples,tfidf_cnb,3000.0,0.784147731977636,0.004913459414711769,0.7828;0.7901;0.7883;0.7835;0.7760,,,,"(1, 3)",1.5,,
complexo_simples,tfidf_cnb,3000.0,0.7842374851563945,0.004346394155219365,0.7832;0.7899;0.7880;0.7823;0.7777,,,,"(1, 5)",0.5,,
complexo_simples,tfidf_cnb,3000.0,0.7845067939289038,0.00507383689535458,0.7829;0.7907;0.7893;0.7829;0.7766,,,,"(1, 5)",1.0,,
complexo_simples,tfidf_cnb,3000.0,0.7840878875730878,0.004696458593373475,0.7828;0.7896;0.7886;0.7828;0.7766,,,,"(1, 5)",1.5,,
complexo_simples,tfidf_cnb,3000.0,0.7840878965251303,0.0041386526091479504,0.7825;0.7895;0.7876;0.7832;0.7777,,,,"(1, 10)",0.5,,
complexo_simples,tfidf_cnb,3000.0,0.7845067894528825,0.004365501180128372,0.7831;0.7902;0.7879;0.7838;0.7775,,,,"(1, 10)",1.0,,
complexo_simples,tfidf_cnb,3000.0,0.7841477230255934,0.004165378108224908,0.7831;0.7895;0.7874;0.7834;0.7774,,,,"(1, 10)",1.5,,
complexo_simples,tfidf_cnb,5000.0,0.790730455341169,0.004633378081375453,0.7882;0.7858;0.7989;0.7925;0.7883,,,,"(1, 1)",0.5,,
complexo_simples,tfidf_cnb,5000.0,0.7906107933882004,0.004130839171598937,0.7873;0.7876;0.7982;0.7919;0.7882,,,,"(1, 1)",1.0,,
complexo_simples,tfidf_cnb,5000.0,0.7897131497000842,0.004191298605473675,0.7865;0.7862;0.7974;0.7908;0.7876,,,,"(1, 1)",1.5,,
complexo_simples,tfidf_cnb,5000.0,0.7977918802288322,0.002620987991785973,0.7954;0.7977;0.8009;0.8006;0.7944,,,,"(1, 3)",0.5,,
complexo_simples,tfidf_cnb,5000.0,0.7968643456705908,0.002633891973288631,0.7936;0.7976;0.7994;0.7998;0.7940,,,,"(1, 3)",1.0,,
complexo_simples,tfidf_cnb,5000.0,0.7965052971473868,0.002974949882925931,0.7930;0.7985;0.7994;0.7989;0.7928,,,,"(1, 3)",1.5,,
complexo_simples,tfidf_cnb,5000.0,0.7980312667990672,0.0027504316307717575,0.7951;0.7980;0.8021;0.8000;0.7950,,,,"(1, 5)",0.5,,
complexo_simples,tfidf_cnb,5000.0,0.7968643590986546,0.00299999545879745,0.7931;0.7974;0.8010;0.7989;0.7938,,,,"(1, 5)",1.0,,
complexo_simples,tfidf_cnb,5000.0,0.796714761515348,0.003135095544764146,0.7927;0.7983;0.8007;0.7985;0.7934,,,,"(1, 5)",1.5,,
complexo_simples,tfidf_cnb,5000.0,0.7981210199778258,0.002603434069187493,0.7955;0.7988;0.8015;0.8001;0.7947,,,,"(1, 10)",0.5,,
complexo_simples,tfidf_cnb,5000.0,0.7971037009086771,0.0026671914225040593,0.7943;0.7983;0.8001;0.7992;0.7935,,,,"(1, 10)",1.0,,
complexo_simples,tfidf_cnb,5000.0,0.7967446568614944,0.0027476328331235045,0.7936;0.7988;0.7995;0.7986;0.7932,,,,"(1, 10)",1.5,,
complexo_simples,tfidf_nb,3000.0,0.7757697659980834,0.004155142523798726,0.7744;0.7759;0.7831;0.7753;0.7702,,,,"(1, 1)",,,
complexo_simples,tfidf_nb,3000.0,0.7845067939289038,0.004891450124158552,0.7829;0.7905;0.7887;0.7837;0.7766,,,,"(1, 3)",,,
complexo_simples,tfidf_nb,3000.0,0.784566638333452,0.005147689669005658,0.7829;0.7910;0.7893;0.7829;0.7766,,,,"(1, 5)",,,
complexo_simples,tfidf_nb,3000.0,0.7845067894528825,0.004365501180128372,0.7831;0.7902;0.7879;0.7838;0.7775,,,,"(1, 10)",,,
complexo_simples,tfidf_nb,5000.0,0.7906107933882004,0.004130839171598937,0.7873;0.7876;0.7982;0.7919;0.7882,,,,"(1, 1)",,,
complexo_simples,tfidf_nb,5000.0,0.7968643456705908,0.002633891973288631,0.7936;0.7976;0.7994;0.7998;0.7940,,,,"(1, 3)",,,
complexo_simples,tfidf_nb,5000.0,0.7968344368963806,0.0029949794175318355,0.7931;0.7973;0.8010;0.7989;0.7938,,,,"(1, 5)",,,
complexo_simples,tfidf_nb,5000.0,0.7970438565041289,0.0026943814687538648,0.7943;0.7982;0.8001;0.7992;0.7934,,,,"(1, 10)",,,
complexo_simples,tfidf_svc,3000.0,0.7951887650075398,0.003021704273967932,0.7915;0.7949;0.7946;0.8007;0.7943,,,,"(1, 1)",,,
complexo_simples,tfidf_svc,3000.0,0.8102093166592589,0.0035584892718403768,0.8046;0.8136;0.8076;0.8115;0.8137,,,,"(1, 3)",,,
complexo_simples,tfidf_svc,3000.0,0.8102991369783364,0.003907291605538339,0.8028;0.8134;0.8100;0.8124;0.8128,,,,"(1, 5)",,,
complexo_simples,tfidf_svc,3000.0,0.8098203593618447,0.0035229571670841423,0.8036;0.8125;0.8082;0.8122;0.8125,,,,"(1, 10)",,,
complexo_simples,tfidf_svc,5000.0,0.8047635608897794,0.0036390265107906715,0.8018;0.8019;0.8077;0.8104;0.8019,,,,"(1, 1)",,,
complexo_simples,tfidf_svc,5000.0,0.8205321094100737,0.0022234146493450573,0.8169;0.8215;0.8193;0.8233;0.8217,,,,"(1, 3)",,,
complexo_simples,tfidf_svc,5000.0,0.820771478076224,0.00208518514710621,0.8172;0.8215;0.8203;0.8236;0.8212,,,,"(1, 5)",,,
complexo_simples,tfidf_svc,5000.0,0.8206218849689387,0.002542615735987149,0.8166;0.8221;0.8188;0.8236;0.8220,,,,"(1, 10)",,,
complexo_simples,sbert_lr,,0.6843303715500506,0.0037462365439244793,0.6790;0.6875;0.6863;0.6882;0.6807,sentence-transformers/paraphrase-multilingual-MiniLM-L12-v2,,,,,,
complexo_simples,sbert_lr,,0.6923791216882478,0.005672539412948209,0.6898;0.6961;0.6854;0.7014;0.6893,sentence-transformers/distiluse-base-multilingual-cased-v2,,,,,,
complexo_simples,sbert_svc,,0.6950721825572137,0.004672928819945941,0.6877;0.6981;0.6978;0.7002;0.6917,sentence-transformers/paraphrase-multilingual-MiniLM-L12-v2,,,,,0.5,
complexo_simples,sbert_svc,,0.6986327858711703,0.0040128447708880745,0.6923;0.6997;0.7018;0.7033;0.6960,sentence-transformers/paraphrase-multilingual-MiniLM-L12-v2,,,,,1.0,
complexo_simples,sbert_svc,,0.6992013032383566,0.004311990631568936,0.6924;0.6994;0.7003;0.7059;0.6979,sentence-transformers/paraphrase-multilingual-MiniLM-L12-v2,,,,,2.0,
complexo_simples,sbert_svc,,0.6976751769259312,0.0037481836252802347,0.6956;0.6985;0.6966;0.7044;0.6933,sentence-transformers/distiluse-base-multilingual-cased-v2,,,,,0.5,
complexo_simples,sbert_svc,,0.6998894064661498,0.004314542817733397,0.6960;0.7024;0.6982;0.7071;0.6957,sentence-transformers/distiluse-base-multilingual-cased-v2,,,,,1.0,
complexo_simples,sbert_svc,,0.7018043334152446,0.003819134623557055,0.6992;0.7054;0.6979;0.7074;0.6991,sentence-transformers/distiluse-base-multilingual-cased-v2,,,,,2.0,
complexo_simples,torch_mlp,,0.811495931072853,0.003084798308799704,0.8060;0.8116;0.8155;0.8121;0.8122,,128.0,5.0,,,,
complexo_simples,torch_mlp,,0.8057210713625501,0.0025833504566317883,0.8018;0.8088;0.8048;0.8049;0.8083,,128.0,10.0,,,,
complexo_simples,torch_mlp,,0.8102989579374851,0.0011784291594923468,0.8088;0.8092;0.8101;0.8118;0.8115,,256.0,5.0,,,,
complexo_simples,torch_mlp,,0.8033573203313867,0.0027323427121566882,0.7984;0.8066;0.8037;0.8034;0.8048,,256.0,10.0,,,,
literal_dinamico,tfidf_lr,3000.0,0.8131966305145326,0.004687712640148285,0.8070;0.8173;0.8193;0.8090;0.8134,,,,"(1, 1)",,,
literal_dinamico,tfidf_lr,3000.0,0.8175521860798474,0.0036342593664623977,0.8109;0.8206;0.8205;0.8192;0.8166,,,,"(1, 3)",,,
literal_dinamico,tfidf_lr,3000.0,0.8173357614814061,0.003543609001205396,0.8108;0.8201;0.8198;0.8196;0.8164,,,,"(1, 5)",,,
literal_dinamico,tfidf_lr,3000.0,0.817768658254591,0.0035027332963165824,0.8109;0.8202;0.8202;0.8190;0.8185,,,,"(1, 10)",,,
literal_dinamico,tfidf_lr,5000.0,0.8193918555519055,0.003794756869839499,0.8129;0.8220;0.8240;0.8181;0.8199,,,,"(1, 1)",,,
literal_dinamico,tfidf_lr,5000.0,0.828698256013791,0.002975383816778431,0.8229;0.8293;0.8293;0.8309;0.8310,,,,"(1, 3)",,,
literal_dinamico,tfidf_lr,5000.0,0.8285900272458505,0.0027471026821897435,0.8232;0.8297;0.8290;0.8307;0.8304,,,,"(1, 5)",,,
literal_dinamico,tfidf_lr,5000.0,0.8288064591637229,0.003254352953079567,0.8224;0.8308;0.8293;0.8308;0.8308,,,,"(1, 10)",,,
literal_dinamico,tfidf_sgd,3000.0,0.8039713915643849,0.004675916936691654,0.7976;0.8117;0.8059;0.8021;0.8025,,,,"(1, 1)",0.0001,,
literal_dinamico,tfidf_sgd,3000.0,0.8140353824227082,0.004366437510385233,0.8090;0.8087;0.8155;0.8190;0.8179,,,,"(1, 1)",1e-05,,
literal_dinamico,tfidf_sgd,3000.0,0.8102478256897978,0.004571417296241948,0.8018;0.8154;0.8102;0.8129;0.8109,,,,"(1, 3)",0.0001,,
literal_dinamico,tfidf_sgd,3000.0,0.8168488582858595,0.0033846875041402473,0.8104;0.8171;0.8201;0.8186;0.8180,,,,"(1, 3)",1e-05,,
literal_dinamico,tfidf_sgd,3000.0,0.8103289945209667,0.004504123068203423,0.8021;0.8155;0.8100;0.8128;0.8113,,,,"(1, 5)",0.0001,,
literal_dinamico,tfidf_sgd,3000.0,0.81752522129568,0.003192838876606511,0.8118;0.8171;0.8212;0.8177;0.8198,,,,"(1, 5)",1e-05,,
literal_dinamico,tfidf_sgd,3000.0,0.8098690853873121,0.004762617101695829,0.8010;0.8150;0.8098;0.8128;0.8107,,,,"(1, 10)",0.0001,,
literal_dinamico,tfidf_sgd,3000.0,0.8174170401040414,0.003816041596656216,0.8102;0.8171;0.8201;0.8187;0.8209,,,,"(1, 10)",1e-05,,
literal_dinamico,tfidf_sgd,5000.0,0.8107888524186035,0.0038672876893529736,0.8054;0.8173;0.8118;0.8095;0.8099,,,,"(1, 1)",0.0001,,
literal_dinamico,tfidf_sgd,5000.0,0.8231251789600904,0.003434457682138529,0.8194;0.8197;0.8277;0.8266;0.8222,,,,"(1, 1)",1e-05,,
literal_dinamico,tfidf_sgd,5000.0,0.8182285820271076,0.0038777305742418024,0.8109;0.8221;0.8182;0.8204;0.8195,,,,"(1, 3)",0.0001,,
literal_dinamico,tfidf_sgd,5000.0,0.8283465134329127,0.003952207955665637,0.8251;0.8266;0.8254;0.8358;0.8289,,,,"(1, 3)",1e-05,,
literal_dinamico,tfidf_sgd,5000.0,0.8180392320043003,0.004028479313363289,0.8104;0.8216;0.8178;0.8202;0.8202,,,,"(1, 5)",0.0001,,
literal_dinamico,tfidf_sgd,5000.0,0.82861700666888,0.0035707593139475816,0.8262;0.8262;0.8274;0.8357;0.8277,,,,"(1, 5)",1e-05,,
literal_dinamico,tfidf_sgd,5000.0,0.8181474095362233,0.003836758056134079,0.8112;0.8223;0.8175;0.8208;0.8190,,,,"(1, 10)",0.0001,,
literal_dinamico,tfidf_sgd,5000.0,0.828319420558701,0.003362136166210714,0.8252;0.8266;0.8275;0.8348;0.8274,,,,"(1, 10)",1e-05,,
literal_dinamico,tfidf_pa,3000.0,0.8013743439593906,0.0032886017234658336,0.7972;0.7978;0.8055;0.8037;0.8026,,,,"(1, 1)",,0.5,hinge
literal_dinamico,tfidf_pa,3000.0,0.7925278050548576,0.004222994587829787,0.7924;0.7860;0.7981;0.7959;0.7903,,,,"(1, 1)",,0.5,squared_hinge
literal_dinamico,tfidf_pa,3000.0,0.7968832178912661,0.0054752393221333216,0.7956;0.7952;0.8020;0.8035;0.7881,,,,"(1, 1)",,1.0,hinge
literal_dinamico,tfidf_pa,3000.0,0.785277246143099,0.0072818643097250875,0.7876;0.7809;0.7912;0.7933;0.7734,,,,"(1, 1)",,1.0,squared_hinge
literal_dinamico,tfidf_pa,3000.0,0.8047559211269816,0.004302722522580769,0.7993;0.8022;0.8094;0.8102;0.8026,,,,"(1, 3)",,0.5,hinge
literal_dinamico,tfidf_pa,3000.0,0.7933664727895757,0.003509758546871665,0.7893;0.7918;0.7945;0.7995;0.7917,,,,"(1, 3)",,0.5,squared_hinge
literal_dinamico,tfidf_pa,3000.0,0.7993723112069859,0.004760961779686038,0.7941;0.8078;0.7964;0.8010;0.7975,,,,"(1, 3)",,1.0,hinge
literal_dinamico,tfidf_pa,3000.0,0.7871712148147627,0.004223776803110827,0.7822;0.7941;0.7861;0.7894;0.7840,,,,"(1, 3)",,1.0,squared_hinge
literal_dinamico,tfidf_pa,3000.0,0.8040255114379284,0.0034483691295952076,0.7989;0.8036;0.8095;0.8051;0.8030,,,,"(1, 5)",,0.5,hinge
literal_dinamico,tfidf_pa,3000.0,0.7930959758938928,0.003394122093744499,0.7887;0.7906;0.7949;0.7985;0.7927,,,,"(1, 5)",,0.5,squared_hinge
literal_dinamico,tfidf_pa,3000.0,0.7998051604038686,0.003705369302923558,0.7958;0.8067;0.7993;0.7995;0.7978,,,,"(1, 5)",,1.0,hinge
literal_dinamico,tfidf_pa,3000.0,0.7868195600670577,0.004006905420577194,0.7809;0.7932;0.7871;0.7879;0.7850,,,,"(1, 5)",,1.0,squared_hinge
literal_dinamico,tfidf_pa,3000.0,0.8054863381354656,0.0028467797676164515,0.8025;0.8048;0.8091;0.8085;0.8025,,,,"(1, 10)",,0.5,hinge
literal_dinamico,tfidf_pa,3000.0,0.7928795403163049,0.004069072181629293,0.7887;0.7890;0.7948;0.7997;0.7922,,,,"(1, 10)",,0.5,squared_hinge
literal_dinamico,tfidf_pa,3000.0,0.7999134038106716,0.004026919220491603,0.7959;0.8067;0.7962;0.8018;0.7990,,,,"(1, 10)",,1.0,hinge
literal_dinamico,tfidf_pa,3000.0,0.7862784418453633,0.0033765834938469822,0.7822;0.7897;0.7867;0.7902;0.7826,,,,"(1, 10)",,1.0,squared_hinge
literal_dinamico,tfidf_pa,5000.0,0.808083466254202,0.004055499985196724,0.8063;0.8033;0.8110;0.8144;0.8053,,,,"(1, 1)",,0.5,hinge
literal_dinamico,tfidf_pa,5000.0,0.8000214495928347,0.005296728005101712,0.8028;0.7949;0.8071;0.8024;0.7929,,,,"(1, 1)",,0.5,squared_hinge
literal_dinamico,tfidf_pa,5000.0,0.8042147919261404,0.002873368877596075,0.8039;0.8028;0.8077;0.8070;0.7998,,,,"(1, 1)",,1.0,hinge
literal_dinamico,tfidf_pa,5000.0,0.7968833167035859,0.0043917022234234515,0.7940;0.7949;0.8040;0.7997;0.7918,,,,"(1, 1)",,1.0,squared_hinge
literal_dinamico,tfidf_pa,5000.0,0.8087057093904788,0.0033445520917767873,0.8082;0.8043;0.8105;0.8140;0.8065,,,,"(1, 3)",,0.5,hinge
literal_dinamico,tfidf_pa,5000.0,0.8040794739437036,0.003803795220805041,0.8062;0.8022;0.8089;0.8054;0.7978,,,,"(1, 3)",,0.5,squared_hinge
literal_dinamico,tfidf_pa,5000.0,0.8036466979411319,0.003002342275544042,0.8047;0.8004;0.8050;0.8081;0.8002,,,,"(1, 3)",,1.0,hinge
literal_dinamico,tfidf_pa,5000.0,0.8015093947825923,0.004501474115513035,0.8024;0.7982;0.8051;0.8071;0.7948,,,,"(1, 3)",,1.0,squared_hinge
literal_dinamico,tfidf_pa,5000.0,0.8099501993227477,0.0037613450418087797,0.8090;0.8039;0.8147;0.8131;0.8091,,,,"(1, 5)",,0.5,hinge
literal_dinamico,tfidf_pa,5000.0,0.8038090429229005,0.002741956121081689,0.8056;0.8040;0.8078;0.8004;0.8013,,,,"(1, 5)",,0.5,squared_hinge
literal_dinamico,tfidf_pa,5000.0,0.8055674520709013,0.0037421758596720214,0.8075;0.8028;0.8116;0.8051;0.8009,,,,"(1, 5)",,1.0,hinge
literal_dinamico,tfidf_pa,5000.0,0.8012930067813064,0.003688466207882611,0.7986;0.8014;0.8043;0.8062;0.7960,,,,"(1, 5)",,1.0,squared_hinge
literal_dinamico,tfidf_pa,5000.0,0.8099502395796186,0.002501551558920733,0.8085;0.8059;0.8128;0.8120;0.8106,,,,"(1, 10)",,0.5,hinge
literal_dinamico,tfidf_pa,5000.0,0.8039983673276992,0.002877548276420427,0.8056;0.8025;0.8082;0.8040;0.7996,,,,"(1, 10)",,0.5,squared_hinge
literal_dinamico,tfidf_pa,5000.0,0.8041336121158251,0.0036281334457811663,0.8039;0.8018;0.8094;0.8066;0.7990,,,,"(1, 10)",,1.0,hinge
literal_dinamico,tfidf_pa,5000.0,0.8005895911541454,0.00427999991856603,0.7985;0.7995;0.8056;0.8051;0.7942,,,,"(1, 10)",,1.0,squared_hinge
literal_dinamico,tfidf_ridge,3000.0,0.8084352783696758,0.004531694727340523,0.8008;0.8068;0.8101;0.8144;0.8101,,,,"(1, 1)",0.5,,
literal_dinamico,tfidf_ridge,3000.0,0.8108700761455057,0.005221444284731401,0.8012;0.8102;0.8150;0.8156;0.8124,,,,"(1, 1)",1.0,,
literal_dinamico,tfidf_ridge,3000.0,0.8113569939799143,0.0029207929730518346,0.8066;0.8155;0.8106;0.8128;0.8113,,,,"(1, 3)",0.5,,
literal_dinamico,tfidf_ridge,3000.0,0.8126556037857269,0.0032084460062510294,0.8070;0.8158;0.8113;0.8148;0.8144,,,,"(1, 3)",1.0,,
literal_dinamico,tfidf_ridge,3000.0,0.8114652703241572,0.0035264872369929158,0.8054;0.8156;0.8102;0.8124;0.8137,,,,"(1, 5)",0.5,,
literal_dinamico,tfidf_ridge,3000.0,0.8124121558476691,0.0034806407477964043,0.8063;0.8152;0.8108;0.8144;0.8153,,,,"(1, 5)",1.0,,
literal_dinamico,tfidf_ridge,3000.0,0.8114652556852949,0.0029622586578930375,0.8060;0.8147;0.8110;0.8124;0.8132,,,,"(1, 10)",0.5,,
literal_dinamico,tfidf_ridge,3000.0,0.8123580359741254,0.00351376227114359,0.8059;0.8151;0.8113;0.8147;0.8148,,,,"(1, 10)",1.0,,
literal_dinamico,tfidf_ridge,5000.0,0.8145763103391941,0.0056869282728141705,0.8054;0.8133;0.8189;0.8220;0.8133,,,,"(1, 1)",0.5,,
literal_dinamico,tfidf_ridge,5000.0,0.8177686143380042,0.004371872860961462,0.8113;0.8156;0.8213;0.8238;0.8168,,,,"(1, 1)",1.0,,
literal_dinamico,tfidf_ridge,5000.0,0.8176604111880724,0.0034269857829214018,0.8117;0.8185;0.8187;0.8223;0.8171,,,,"(1, 3)",0.5,,
literal_dinamico,tfidf_ridge,5000.0,0.8211503525330794,0.0036528552216348966,0.8156;0.8210;0.8196;0.8267;0.8228,,,,"(1, 3)",1.0,,
literal_dinamico,tfidf_ridge,5000.0,0.8181744035981152,0.002429030538055157,0.8147;0.8196;0.8179;0.8219;0.8168,,,,"(1, 5)",0.5,,
literal_dinamico,tfidf_ridge,5000.0,0.8223677569105676,0.002882203350236739,0.8190;0.8216;0.8201;0.8270;0.8241,,,,"(1, 5)",1.0,,
literal_dinamico,tfidf_ridge,5000.0,0.8179309410211953,0.003145472845490398,0.8133;0.8198;0.8166;0.8227;0.8172,,,,"(1, 10)",0.5,,
literal_dinamico,tfidf_ridge,5000.0,0.8222324572267086,0.003669264721691653,0.8173;0.8231;0.8198;0.8282;0.8228,,,,"(1, 10)",1.0,,
literal_dinamico,tfidf_cnb,3000.0,0.8100042350228337,0.005031734945173276,0.8020;0.8121;0.8156;0.8137;0.8065,,,,"(1, 1)",0.5,,
literal_dinamico,tfidf_cnb,3000.0,0.8095984494224384,0.005184478616365016,0.8013;0.8109;0.8163;0.8128;0.8067,,,,"(1, 1)",1.0,,
literal_dinamico,tfidf_cnb,3000.0,0.8097878653201255,0.005217223292851494,0.8013;0.8094;0.8171;0.8127;0.8084,,,,"(1, 1)",1.5,,
literal_dinamico,tfidf_cnb,3000.0,0.8034032280447809,0.004499305409917877,0.7960;0.8071;0.8062;0.8074;0.8003,,,,"(1, 3)",0.5,,
literal_dinamico,tfidf_cnb,3000.0,0.8032138890011202,0.00451465730714378,0.7952;0.8068;0.8052;0.8074;0.8014,,,,"(1, 3)",1.0,,
literal_dinamico,tfidf_cnb,3000.0,0.8027269272501248,0.004937620778040526,0.7939;0.8073;0.8056;0.8060;0.8009,,,,"(1, 3)",1.5,,
literal_dinamico,tfidf_cnb,3000.0,0.8033762193440268,0.003704011558120397,0.7967;0.8060;0.8059;0.8063;0.8019,,,,"(1, 5)",0.5,,
literal_dinamico,tfidf_cnb,3000.0,0.8032139329177067,0.003997615236007486,0.7956;0.8066;0.8047;0.8062;0.8030,,,,"(1, 5)",1.0,,
literal_dinamico,tfidf_cnb,3000.0,0.8027540274437678,0.004386841520224236,0.7944;0.8068;0.8048;0.8051;0.8026,,,,"(1, 5)",1.5,,
literal_dinamico,tfidf_cnb,3000.0,0.8034303172592772,0.00394908383527731,0.7964;0.8059;0.8064;0.8067;0.8017,,,,"(1, 10)",0.5,,
literal_dinamico,tfidf_cnb,3000.0,0.8033491813655482,0.004152942591634283,0.7956;0.8067;0.8054;0.8066;0.8025,,,,"(1, 10)",1.0,,
literal_dinamico,tfidf_cnb,3000.0,0.8026457986758271,0.004897947866499495,0.7935;0.8070;0.8048;0.8060;0.8019,,,,"(1, 10)",1.5,,
literal_dinamico,tfidf_cnb,5000.0,0.8197975606385588,0.004462785385468561,0.8127;0.8216;0.8250;0.8229;0.8168,,,,"(1, 1)",0.5,,
literal_dinamico,tfidf_cnb,5000.0,0.8195000038061041,0.004242255296434642,0.8123;0.8212;0.8246;0.8219;0.8176,,,,"(1, 1)",1.0,,
literal_dinamico,tfidf_cnb,5000.0,0.8189048279260305,0.0046825357365610325,0.8109;0.8202;0.8244;0.8220;0.8170,,,,"(1, 1)",1.5,,
literal_dinamico,tfidf_cnb,5000.0,0.8153879327760025,0.005776861987294953,0.8051;0.8156;0.8190;0.8223;0.8149,,,,"(1, 3)",0.5,,
literal_dinamico,tfidf_cnb,5000.0,0.8144951634663187,0.005209056502220205,0.8059;0.8131;0.8193;0.8205;0.8137,,,,"(1, 3)",1.0,,
literal_dinamico,tfidf_cnb,5000.0,0.8137376792016315,0.005373588258350797,0.8043;0.8132;0.8189;0.8190;0.8133,,,,"(1, 3)",1.5,,
literal_dinamico,tfidf_cnb,5000.0,0.8153608655197996,0.005432333306044947,0.8063;0.8146;0.8192;0.8224;0.8144,,,,"(1, 5)",0.5,,
literal_dinamico,tfidf_cnb,5000.0,0.8144140129337275,0.005489463274505325,0.8052;0.8131;0.8185;0.8213;0.8140,,,,"(1, 5)",1.0,,
literal_dinamico,tfidf_cnb,5000.0,0.8135753744767339,0.005411328454590926,0.8039;0.8132;0.8174;0.8197;0.8137,,,,"(1, 5)",1.5,,
literal_dinamico,tfidf_cnb,5000.0,0.8155772901182411,0.0054910971509174785,0.8062;0.8152;0.8198;0.8221;0.8145,,,,"(1, 10)",0.5,,
literal_dinamico,tfidf_cnb,5000.0,0.8146845244682727,0.005325789143584231,0.8060;0.8135;0.8192;0.8213;0.8134,,,,"(1, 10)",1.0,,
literal_dinamico,tfidf_cnb,5000.0,0.813548314539962,0.005340905998134956,0.8039;0.8135;0.8181;0.8189;0.8134,,,,"(1, 10)",1.5,,
literal_dinamico,tfidf_nb,3000.0,0.8095984494224384,0.005121991381402385,0.8013;0.8109;0.8158;0.8133;0.8067,,,,"(1, 1)",,,
literal_dinamico,tfidf_nb,3000.0,0.8032138890011202,0.00461327420061684,0.7952;0.8070;0.8044;0.8081;0.8014,,,,"(1, 3)",,,
literal_dinamico,tfidf_nb,3000.0,0.8031868803003659,0.004065291499419692,0.7956;0.8066;0.8039;0.8068;0.8030,,,,"(1, 5)",,,
literal_dinamico,tfidf_nb,3000.0,0.8033491813655482,0.004231499954377361,0.7956;0.8067;0.8045;0.8074;0.8025,,,,"(1, 10)",,,
literal_dinamico,tfidf_nb,5000.0,0.8195270564234448,0.0042057292714811016,0.8123;0.8212;0.8240;0.8225;0.8176,,,,"(1, 1)",,,
literal_dinamico,tfidf_nb,5000.0,0.8143869529969556,0.005161528820704932,0.8059;0.8131;0.8182;0.8210;0.8137,,,,"(1, 3)",,,
literal_dinamico,tfidf_nb,5000.0,0.8143328550817053,0.0055064273665166065,0.8052;0.8131;0.8175;0.8219;0.8140,,,,"(1, 5)",,,
literal_dinamico,tfidf_nb,5000.0,0.8146033666162504,0.005323375633555956,0.8060;0.8135;0.8182;0.8219;0.8134,,,,"(1, 10)",,,
literal_dinamico,tfidf_svc,3000.0,0.8114111284923201,0.002870718808932186,0.8073;0.8089;0.8144;0.8141;0.8124,,,,"(1, 1)",,,
literal_dinamico,tfidf_svc,3000.0,0.8158478711873816,0.0033979022964468254,0.8091;0.8181;0.8174;0.8181;0.8166,,,,"(1, 3)",,,
literal_dinamico,tfidf_svc,3000.0,0.8160373127030777,0.0035619939981214174,0.8091;0.8178;0.8164;0.8175;0.8193,,,,"(1, 5)",,,
literal_dinamico,tfidf_svc,3000.0,0.8154691711417668,0.004167419698964111,0.8074;0.8171;0.8159;0.8190;0.8179,,,,"(1, 10)",,,
literal_dinamico,tfidf_svc,5000.0,0.8206092635891095,0.00474178104833003,0.8140;0.8164;0.8247;0.8265;0.8214,,,,"(1, 1)",,,
literal_dinamico,tfidf_svc,5000.0,0.82501895366683,0.002865292400677825,0.8196;0.8265;0.8255;0.8279;0.8256,,,,"(1, 3)",,,
literal_dinamico,tfidf_svc,5000.0,0.824802510769811,0.0027646361885170887,0.8197;0.8254;0.8262;0.8279;0.8248,,,,"(1, 5)",,,
literal_dinamico,tfidf_svc,5000.0,0.825397668351307,0.002451433000920829,0.8210;0.8266;0.8262;0.8284;0.8248,,,,"(1, 10)",,,
literal_dinamico,sbert_lr,,0.708121505337622,0.00274190940178257,0.7112;0.7074;0.7055;0.7050;0.7114,sentence-transformers/paraphrase-multilingual-MiniLM-L12-v2,,,,,,
literal_dinamico,sbert_lr,,0.7544369073822612,0.005628777442155687,0.7571;0.7457;0.7500;0.7591;0.7603,sentence-transformers/distiluse-base-multilingual-cased-v2,,,,,,
literal_dinamico,sbert_svc,,0.7215669416137764,0.0031637520753346627,0.7241;0.7227;0.7154;0.7237;0.7220,sentence-transformers/paraphrase-multilingual-MiniLM-L12-v2,,,,,0.5,
literal_dinamico,sbert_svc,,0.7238934776842256,0.004095974315166514,0.7272;0.7249;0.7168;0.7283;0.7224,sentence-transformers/paraphrase-multilingual-MiniLM-L12-v2,,,,,1.0,
literal_dinamico,sbert_svc,,0.7254625551079968,0.004714372491018243,0.7297;0.7254;0.7178;0.7310;0.7233,sentence-transformers/paraphrase-multilingual-MiniLM-L12-v2,,,,,2.0,
literal_dinamico,sbert_svc,,0.7614707086614634,0.005110641059077358,0.7642;0.7517;0.7613;0.7655;0.7647,sentence-transformers/distiluse-base-multilingual-cased-v2,,,,,0.5,
literal_dinamico,sbert_svc,,0.7622011549476719,0.004447609879169433,0.7661;0.7540;0.7614;0.7638;0.7657,sentence-transformers/distiluse-base-multilingual-cased-v2,,,,,1.0,
literal_dinamico,sbert_svc,,0.7637161417756235,0.0041333132182538555,0.7672;0.7561;0.7627;0.7653;0.7672,sentence-transformers/distiluse-base-multilingual-cased-v2,,,,,2.0,
literal_dinamico,torch_mlp,,0.8179308531880221,0.0030587505525215583,0.8158;0.8196;0.8175;0.8228;0.8140,,128.0,5.0,,,,
literal_dinamico,torch_mlp,,0.8107076286917014,0.0032990419513060426,0.8078;0.8124;0.8095;0.8163;0.8075,,128.0,10.0,,,,
literal_dinamico,torch_mlp,,0.8141163865666774,0.0022859146894024344,0.8109;0.8167;0.8143;0.8164;0.8122,,256.0,5.0,,,,
literal_dinamico,torch_mlp,,0.8088409249008803,0.0027697342817028237,0.8073;0.8086;0.8108;0.8128;0.8048,,256.0,10.0,,,,
